Area,U_0,U_1,U_2,p
1.75519,0.000163136,-0.00629629,-5.99687,0
