Point ID,Points_0,Points_1,Points_2,Points_Magnitude,U_0,U_1,U_2,p
0,0.000201164,7.7553e-06,0.1,0.1,7.54522e-13,-1.08905e-11,1.06817e-09,-2390.93
