Point ID,Points_0,Points_1,Points_2,Points_Magnitude,U_0,U_1,U_2,p
0,0.000161532,0.00011769,1.30404,1.30404,-4.03236e-12,-1.15155e-11,1.27351e-08,-2380.67
