Point ID,Points_0,Points_1,Points_2,Points_Magnitude,U_0,U_1,U_2,p
0,0.000262714,-0.00017994,1.90606,1.90606,-6.65889e-11,4.85517e-11,1.90757e-08,-2382.29
