Point ID,Points_0,Points_1,Points_2,Points_Magnitude,U_0,U_1,U_2,p
0,6.01793e-05,8.74239e-05,10.1025,10.1025,-0.00148076,-0.0010804,1.02286,-2413.13
