Point ID,Points_0,Points_1,Points_2,Points_Magnitude,U_0,U_1,U_2,p
0,-0.00084699,9.83622e-05,10.8681,10.8681,0.00066975,-0.00217485,1.38194,-2421.66
