Point ID,Points_0,Points_1,Points_2,Points_Magnitude,U_0,U_1,U_2,p
0,2.60106e-05,-3.36355e-05,10.3,10.3,-0.000288229,0.000781871,1.20548,-2415.24
