Point ID,Points_0,Points_1,Points_2,Points_Magnitude,U_0,U_1,U_2,p
0,-0.000193712,-3.55352e-05,10.5841,10.5841,0.00189732,-0.00365286,1.38487,-2420.54
