Point ID,Points_0,Points_1,Points_2,Points_Magnitude,U_0,U_1,U_2,p
0,-0.00122173,3.45377e-05,11.7203,11.7203,0.00113588,-2.11234e-05,1.37591,-2427.93
