Point ID,Points_0,Points_1,Points_2,Points_Magnitude,U_0,U_1,U_2,p
0,-0.00109021,-1.77562e-05,11.1522,11.1522,0.000347488,-0.00174198,1.38033,-2423.53
