Point ID,Points_0,Points_1,Points_2,Points_Magnitude,U_0,U_1,U_2,p
0,-0.00103187,0.000156709,11.4362,11.4362,0.00130565,-0.00110719,1.37955,-2427.37
