Point ID,Points_0,Points_1,Points_2,Points_Magnitude,U_0,U_1,U_2,p
0,-0.000893704,-0.000203409,12.5725,12.5725,0.000471744,-0.000213403,1.37897,-2441.8
