Point ID,Points_0,Points_1,Points_2,Points_Magnitude,U_0,U_1,U_2,p
0,-0.00102337,-3.51085e-05,12.2884,12.2884,-0.00011509,-0.000274377,1.37826,-2436.8
