Point ID,Points_0,Points_1,Points_2,Points_Magnitude,U_0,U_1,U_2,p
0,-0.00100706,0.00011462,12.8565,12.8565,-0.000269205,0.000693903,1.37794,-2446.73
