Point ID,Points_0,Points_1,Points_2,Points_Magnitude,U_0,U_1,U_2,p
0,-0.00144225,4.79843e-05,12.0043,12.0043,-0.000642809,8.78301e-05,1.37698,-2431.87
