Point ID,Points_0,Points_1,Points_2,Points_Magnitude,U_0,U_1,U_2,p
0,-0.000673313,2.57603e-05,13.4246,13.4246,-0.00142881,0.000323494,1.38047,-2457.47
