Point ID,Points_0,Points_1,Points_2,Points_Magnitude,U_0,U_1,U_2,p
0,-0.000807205,0.000449892,13.1406,13.1406,-0.00136493,-0.000559633,1.38059,-2452.72
