Point ID,Points_0,Points_1,Points_2,Points_Magnitude,U_0,U_1,U_2,p
0,-0.000599941,1.52407e-06,13.7,13.7,-0.00272539,0.00131634,1.38262,-2463.75
