Point ID,Points_0,Points_1,Points_2,Points_Magnitude,U_0,U_1,U_2,p
0,-7.94425e-05,1.94523e-05,13.9746,13.9746,-0.00274339,0.00189355,1.38551,-2471.04
