Point ID,Points_0,Points_1,Points_2,Points_Magnitude,U_0,U_1,U_2,p
0,1.89119e-05,6.24962e-05,14.7983,14.7983,0.00279656,0.000290162,2.14507,-2487.48
