Point ID,Points_0,Points_1,Points_2,Points_Magnitude,U_0,U_1,U_2,p
0,-3.55482e-05,-3.33084e-05,14.2492,14.2492,-0.00245993,-0.00146586,1.61676,-2475.6
