Point ID,Points_0,Points_1,Points_2,Points_Magnitude,U_0,U_1,U_2,p
0,6.31507e-05,-2.71473e-05,14.5237,14.5237,-0.00281332,0.00525894,1.88221,-2480.98
