Point ID,Points_0,Points_1,Points_2,Points_Magnitude,U_0,U_1,U_2,p
0,-4.73951e-06,7.6872e-06,15.0729,15.0729,-0.000868697,-0.00632898,2.40974,-2495.44
