Point ID,Points_0,Points_1,Points_2,Points_Magnitude,U_0,U_1,U_2,p
0,-0.000985976,-6.97796e-06,15.8966,15.8966,0.00361808,0.00127103,2.80833,-2517.64
