Point ID,Points_0,Points_1,Points_2,Points_Magnitude,U_0,U_1,U_2,p
0,-0.000335734,-3.38882e-05,15.622,15.622,0.00596394,0.00197506,2.81255,-2512.3
