Point ID,Points_0,Points_1,Points_2,Points_Magnitude,U_0,U_1,U_2,p
0,-1.72309e-05,7.912e-06,15.3475,15.3475,0.00469503,-0.00250438,2.67885,-2503.8
