Point ID,Points_0,Points_1,Points_2,Points_Magnitude,U_0,U_1,U_2,p
0,-0.00159561,0.000135772,16.9949,16.9949,-0.000897638,-0.0015731,2.80019,-2544.26
