Point ID,Points_0,Points_1,Points_2,Points_Magnitude,U_0,U_1,U_2,p
0,-0.00108372,0.000223091,16.1712,16.1712,0.000846367,0.00164882,2.80442,-2523.38
