Point ID,Points_0,Points_1,Points_2,Points_Magnitude,U_0,U_1,U_2,p
0,-0.00138745,-0.000272961,16.7203,16.7203,0.0010807,-0.00111704,2.80154,-2537.25
