Point ID,Points_0,Points_1,Points_2,Points_Magnitude,U_0,U_1,U_2,p
0,-0.00109455,6.00992e-06,16.4458,16.4458,-0.000761422,-0.00137861,2.8062,-2530.28
