Point ID,Points_0,Points_1,Points_2,Points_Magnitude,U_0,U_1,U_2,p
0,-0.00115081,0.000139405,17.2,17.2,-0.000340493,0.00263927,2.80558,-2552.57
