Point ID,Points_0,Points_1,Points_2,Points_Magnitude,U_0,U_1,U_2,p
0,-0.000936042,7.6465e-05,17.8513,17.8513,0.00277944,-0.00170016,2.80022,-2572.29
