Point ID,Points_0,Points_1,Points_2,Points_Magnitude,U_0,U_1,U_2,p
0,-0.000792171,-0.000125048,17.5256,17.5256,0.00335234,0.000487863,2.79896,-2561.92
