Point ID,Points_0,Points_1,Points_2,Points_Magnitude,U_0,U_1,U_2,p
0,-0.000915616,-0.000252541,18.1769,18.1769,-0.00190004,0.00060659,2.80568,-2584.55
