Point ID,Points_0,Points_1,Points_2,Points_Magnitude,U_0,U_1,U_2,p
0,-0.000219886,-2.44143e-05,18.8282,18.8282,-0.00165686,-0.000810053,2.81449,-2608.61
