Point ID,Points_0,Points_1,Points_2,Points_Magnitude,U_0,U_1,U_2,p
0,-0.000854986,-3.98184e-05,18.5026,18.5026,-0.00374198,0.000764535,2.80998,-2595.48
