Point ID,Points_0,Points_1,Points_2,Points_Magnitude,U_0,U_1,U_2,p
0,-2.52736e-05,0.000108821,19.4795,19.4795,-0.00745324,-0.00406755,3.2963,-2632.72
