Point ID,Points_0,Points_1,Points_2,Points_Magnitude,U_0,U_1,U_2,p
0,-6.57336e-05,2.43222e-05,19.1538,19.1538,-0.00196753,0.00182984,2.96358,-2619.59
