Point ID,Points_0,Points_1,Points_2,Points_Magnitude,U_0,U_1,U_2,p
0,-3.06265e-05,5.0324e-05,19.8051,19.8051,-0.00140452,0.000233301,3.62931,-2646.54
