Point ID,Points_0,Points_1,Points_2,Points_Magnitude,U_0,U_1,U_2,p
0,8.12846e-05,-1.87131e-05,20.4564,20.4564,0.00243691,-0.000217821,4.30461,-2678.5
