Point ID,Points_0,Points_1,Points_2,Points_Magnitude,U_0,U_1,U_2,p
0,2.53291e-05,5.33946e-05,20.1308,20.1308,-0.00159224,0.00548571,3.96481,-2661.86
