Point ID,Points_0,Points_1,Points_2,Points_Magnitude,U_0,U_1,U_2,p
0,-0.000660221,1.80188e-05,20.7821,20.7821,0.00748832,-0.00149898,4.32984,-2692.33
