Point ID,Points_0,Points_1,Points_2,Points_Magnitude,U_0,U_1,U_2,p
0,-0.00111121,9.04836e-05,21.1077,21.1077,0.0036802,-0.00263601,4.32089,-2703.59
