Point ID,Points_0,Points_1,Points_2,Points_Magnitude,U_0,U_1,U_2,p
0,-0.00134219,-0.000104463,21.9862,21.9862,-0.000392078,0.000358409,4.31867,-2739.88
