Point ID,Points_0,Points_1,Points_2,Points_Magnitude,U_0,U_1,U_2,p
0,-0.00116488,-5.69248e-05,21.4,21.4,0.00268759,-9.75351e-05,4.31409,-2716.25
