Point ID,Points_0,Points_1,Points_2,Points_Magnitude,U_0,U_1,U_2,p
0,-0.00123815,-0.000138681,21.6931,21.6931,-0.00306627,-0.00183204,4.31249,-2728.47
