Point ID,Points_0,Points_1,Points_2,Points_Magnitude,U_0,U_1,U_2,p
0,-0.000846286,7.91903e-06,22.8655,22.8655,0.00109651,0.0012959,4.31196,-2782.58
