Point ID,Points_0,Points_1,Points_2,Points_Magnitude,U_0,U_1,U_2,p
0,-0.00110986,0.000178983,22.2793,22.2793,-0.00204399,0.00036205,4.31585,-2753.45
