Point ID,Points_0,Points_1,Points_2,Points_Magnitude,U_0,U_1,U_2,p
0,-0.00133715,-0.000354075,22.5724,22.5724,0.00119755,0.00118861,4.3128,-2769.04
