Point ID,Points_0,Points_1,Points_2,Points_Magnitude,U_0,U_1,U_2,p
0,-0.000947022,7.96908e-06,23.4517,23.4517,-0.00318967,0.00145233,4.32425,-2812.08
