Point ID,Points_0,Points_1,Points_2,Points_Magnitude,U_0,U_1,U_2,p
0,-0.000398327,-3.91803e-05,23.7448,23.7448,-0.00456941,-1.71035e-05,4.33175,-2829.37
