Point ID,Points_0,Points_1,Points_2,Points_Magnitude,U_0,U_1,U_2,p
0,-0.000935782,-7.52648e-05,23.1586,23.1586,-0.000212531,-0.000195226,4.32111,-2796.99
