Point ID,Points_0,Points_1,Points_2,Points_Magnitude,U_0,U_1,U_2,p
0,-0.000104561,-9.99384e-06,24.331,24.331,0.00178356,-0.000453055,4.69487,-2861.62
