Point ID,Points_0,Points_1,Points_2,Points_Magnitude,U_0,U_1,U_2,p
0,2.39044e-06,-2.54138e-05,24.6241,24.6241,0.00419017,-0.00411312,5.02276,-2878.91
