Point ID,Points_0,Points_1,Points_2,Points_Magnitude,U_0,U_1,U_2,p
0,-3.19469e-05,-7.33599e-05,24.9172,24.9172,-0.00281096,0.00305321,5.34955,-2899.11
