Point ID,Points_0,Points_1,Points_2,Points_Magnitude,U_0,U_1,U_2,p
0,-6.82548e-05,-3.68408e-05,24.0379,24.0379,-0.000523377,-0.00298385,4.3724,-2844.71
