Point ID,Points_0,Points_1,Points_2,Points_Magnitude,U_0,U_1,U_2,p
0,-0.000174425,-8.83438e-05,25.6333,25.6333,0.0018199,0.00264068,5.99753,-2948.38
