Point ID,Points_0,Points_1,Points_2,Points_Magnitude,U_0,U_1,U_2,p
0,1.48292e-06,-1.21014e-05,25.1,25.1,-0.00262577,0.00230777,5.55681,-2910.14
