Point ID,Points_0,Points_1,Points_2,Points_Magnitude,U_0,U_1,U_2,p
0,-0.000388183,-9.93373e-05,26.7,26.7,-0.00205815,0.00019584,5.98605,-3012.96
