Point ID,Points_0,Points_1,Points_2,Points_Magnitude,U_0,U_1,U_2,p
0,-0.000128781,-7.16275e-05,26.1667,26.1667,0.0016883,-0.00065311,5.98778,-2981.62
