Point ID,Points_0,Points_1,Points_2,Points_Magnitude,U_0,U_1,U_2,p
0,-0.000197397,5.97041e-05,27.7667,27.7667,-0.00381196,-0.00231258,5.97795,-3078.92
