Point ID,Points_0,Points_1,Points_2,Points_Magnitude,U_0,U_1,U_2,p
0,-0.000321734,0.000122184,27.2333,27.2333,0.000477901,-0.00120409,5.98401,-3045.78
