Point ID,Points_0,Points_1,Points_2,Points_Magnitude,U_0,U_1,U_2,p
0,-0.000326142,-0.00035555,28.8333,28.8333,0.000357593,0.000253868,5.97061,-3146.91
