Point ID,Points_0,Points_1,Points_2,Points_Magnitude,U_0,U_1,U_2,p
0,-0.00020489,6.53158e-05,28.3,28.3,-0.00509122,-4.17507e-05,5.96781,-3111.34
