Point ID,Points_0,Points_1,Points_2,Points_Magnitude,U_0,U_1,U_2,p
0,-0.000221867,-7.82056e-05,29.3667,29.3667,-0.0051869,-0.00426004,5.97027,-3177.27
