Point ID,Points_0,Points_1,Points_2,Points_Magnitude,U_0,U_1,U_2,p
0,0.000139081,-8.3545e-06,29.9,29.9,-0.00439851,-0.00292482,5.97665,-3208.94
