Point ID,Points_0,Points_1,Points_2,Points_Magnitude,U_0,U_1,U_2,p
0,-0.000352119,0.000219323,3.1101,3.1101,-7.05537e-11,7.27281e-11,3.18731e-08,-2385.37
