Point ID,Points_0,Points_1,Points_2,Points_Magnitude,U_0,U_1,U_2,p
0,-0.000130702,0.000726249,3.41111,3.41111,-8.562e-11,1.31039e-10,3.48e-08,-2385.73
