Point ID,Points_0,Points_1,Points_2,Points_Magnitude,U_0,U_1,U_2,p
0,2.30638e-05,-6.9634e-05,3.96465,3.96465,-3.05847e-10,-9.26653e-12,4.15873e-08,-2383.94
