Point ID,Points_0,Points_1,Points_2,Points_Magnitude,U_0,U_1,U_2,p
0,0.000729986,0.000343848,4.75859,4.75859,-1.09272e-09,1.01458e-10,5.30893e-08,-2384.37
