Point ID,Points_0,Points_1,Points_2,Points_Magnitude,U_0,U_1,U_2,p
0,0.000230801,-0.000128963,5.81717,5.81717,2.52004e-08,-1.61503e-09,7.39637e-08,-2384.84
