Point ID,Points_0,Points_1,Points_2,Points_Magnitude,U_0,U_1,U_2,p
0,0.000450737,0.000386081,5.02323,5.02323,-1.44563e-09,-1.48374e-11,5.72114e-08,-2382.06
