Point ID,Points_0,Points_1,Points_2,Points_Magnitude,U_0,U_1,U_2,p
0,0.00028777,0.0002833,6.61111,6.61111,5.81835e-07,-7.37515e-09,1.05978e-07,-2383.62
