Point ID,Points_0,Points_1,Points_2,Points_Magnitude,U_0,U_1,U_2,p
0,-0.00038115,-0.000100223,7.19114,7.19114,2.13474e-06,2.34027e-08,5.34129e-08,-2389.75
