Point ID,Points_0,Points_1,Points_2,Points_Magnitude,U_0,U_1,U_2,p
0,-0.000157319,-6.38844e-05,8.93797,8.93797,-0.000622814,-3.73202e-05,0.000513045,-2406.2
