Point ID,Points_0,Points_1,Points_2,Points_Magnitude,U_0,U_1,U_2,p
0,-4.48064e-05,3.10692e-05,9.22911,9.22911,-0.0009116,-0.000404796,0.205012,-2405.62
