Point ID,Points_0,Points_1,Points_2,Points_Magnitude,U_0,U_1,U_2,p
0,-4.38119e-05,-4.40818e-05,9.52025,9.52025,0.00251211,0.000112634,0.477936,-2407.24
