Point ID,Points_0,Points_1,Points_2,Points_Magnitude,U_0,U_1,U_2,p
0,3.35536e-05,-3.92175e-06,9.81139,9.81139,0.00171708,0.0035969,0.748972,-2409.52
