Area,U_0,U_1,U_2,p
1.75951,-0.00697557,0.00220942,-6.0563,44.9406
