Area,U_0,U_1,U_2,p
1.75864,-0.000518248,-0.00427707,-6.03616,8.13308
