Area,U_0,U_1,U_2,p
1.75878,0.00262787,-0.0013732,-6.09959,25.7781
