Area,U_0,U_1,U_2,p
1.76019,-0.00309956,0.00104698,-6.07692,63.9833
