Area,U_0,U_1,U_2,p
1.7601,0.00155655,-0.00340172,-6.11457,83.1427
