Area,U_0,U_1,U_2,p
1.76042,-0.000369212,-0.0024265,-6.07922,102.156
