Area,U_0,U_1,U_2,p
1.76073,0.00275498,-0.00616749,-6.07847,121.314
