Area,U_0,U_1,U_2,p
1.75876,-0.0163371,0.00190555,-0.550622,454.155
