Area,U_0,U_1,U_2,p
1.76125,-0.0908228,0.000364101,-0.568328,453.292
