Area,U_0,U_1,U_2,p
1.76147,-0.00575584,-0.00611347,-6.0667,140.294
