Area,U_0,U_1,U_2,p
1.75952,0.00647305,0.00507753,-6.06637,159.191
