Area,U_0,U_1,U_2,p
1.75861,0.00756288,0.000890796,-6.06525,178.449
