Area,U_0,U_1,U_2,p
1.75935,0.0216633,0.00304091,-6.07379,216.742
