Area,U_0,U_1,U_2,p
1.75915,0.0479282,0.00623821,-6.05355,241.517
