Area,U_0,U_1,U_2,p
1.7588,0.01268,0.00892498,-6.08698,197.335
