Area,U_0,U_1,U_2,p
1.75937,-0.7349,-0.00680506,-6.06385,317.937
