Area,U_0,U_1,U_2,p
1.75893,0.0491827,0.00336744,-6.09479,259.947
