Area,U_0,U_1,U_2,p
1.759,-0.00437396,0.00491626,-6.07682,278.569
