Area,U_0,U_1,U_2,p
1.75873,-0.179291,-0.00179056,-6.06667,297.447
