Area,U_0,U_1,U_2,p
1.76007,-1.15645,-0.0101443,-4.08408,366.436
