Area,U_0,U_1,U_2,p
1.75928,-0.773584,-0.00454519,-2.95667,377.088
