Area,U_0,U_1,U_2,p
1.7617,-1.39424,-0.00719079,-5.44586,346.18
