Area,U_0,U_1,U_2,p
1.75948,-0.0586916,0.0094995,-2.58657,392.32
