Area,U_0,U_1,U_2,p
1.75902,-0.0153326,0.0610226,-2.59113,400.237
