Area,U_0,U_1,U_2,p
1.75989,-0.277678,-0.00610681,-2.59485,384.271
