Area,U_0,U_1,U_2,p
1.76118,-0.00730056,0.4882,-2.42784,418.585
