Area,U_0,U_1,U_2,p
1.75999,-0.00468613,0.317721,-1.36745,430.084
