Area,U_0,U_1,U_2,p
1.76051,-0.0050602,0.432822,-1.91302,425.96
