Area,U_0,U_1,U_2,p
1.75845,-0.00555308,0.205019,-2.58756,408.147
