Area,U_0,U_1,U_2,p
1.75937,-0.00399902,0.15883,-1.14014,432.448
