Area,U_0,U_1,U_2,p
1.75866,-0.00285086,0.0281473,-1.11796,435.472
