Area,U_0,U_1,U_2,p
1.75871,-0.0154467,0.00355838,-1.11742,438.884
