Area,U_0,U_1,U_2,p
1.76166,-0.149659,0.000460761,-0.69317,452.204
