Area,U_0,U_1,U_2,p
1.76035,-0.174191,-0.0017166,-1.09331,446.483
