Area,U_0,U_1,U_2,p
1.75992,-0.0560665,-0.000108295,-1.12185,442.545
