Area,U_0,U_1,U_2,p
1.76016,-0.194259,-0.00124271,-0.919997,449.889
