Area,U_0,U_1,U_2,p
1.76301,0.0118397,0.0333435,6,-464.876
